epoch_time,temp_min,temp_max,prec
-2966403600,-2.8,6.6,114.8
-2963725200,-1.3,8.2,115.9
-2961219600,2.2,13.6,141.1
-2958541200,6.4,17.4,121.6
-2955949200,11.6,21.7,152.5
-2953270800,13.7,22.8,276.0
-2950678800,19.3,28.6,150.0
-2948000400,21.0,31.6,65.2
-2945322000,18.4,26.8,357.9
-2942730000,9.3,20.3,157.4
-2940051600,2.8,15.8,38.0
-2937459600,-0.7,11.0,65.1
-2934781200,-2.1,8.8,46.5
-2932102800,-1.7,8.7,59.2
-2929683600,0.3,11.3,124.7
-2927005200,7.1,19.1,26.7
-2924413200,11.1,21.5,118.1
-2921734800,17.4,26.0,113.8
-2919142800,21.5,31.1,83.3
-2916464400,21.1,30.5,52.1
-2913786000,16.5,25.7,273.9
-2911194000,9.7,21.3,204.5
-2908515600,4.4,14.4,69.0
-2905923600,1.8,10.2,145.5
-2903245200,-1.6,7.2,94.5
-2900566800,-1.8,7.1,93.0
-2898147600,1.7,12.9,60.2
-2895469200,7.1,16.2,84.8
-2892877200,13.2,22.7,188.0
-2890198800,15.8,24.1,205.1
-2887606800,22.3,29.8,85.4
-2884928400,21.2,28.5,152.0
-2882250000,19.4,26.3,460.9
-2879658000,11.6,20.2,132.7
-2876979600,5.9,14.2,198.6
-2874387600,0.0,10.8,9.0
-2871709200,-1.4,9.0,76.3
-2869030800,0.6,10.9,109.6
-2866611600,2.9,13.0,99.8
-2863933200,7.0,17.1,141.2
-2861341200,14.1,21.9,191.3
-2858662800,18.1,25.2,206.9
-2856070800,22.3,30.4,80.0
-2853392400,22.5,31.2,73.3
-2850714000,17.2,25.4,158.0
-2848122000,10.8,19.3,208.3
-2845443600,3.9,15.7,48.9
-2842851600,2.5,14.1,99.1
-2840173200,-2.4,8.8,20.2
-2837494800,1.6,10.1,163.2
-2834989200,2.7,13.8,186.5
-2832310800,7.0,16.7,153.8
-2829718800,11.9,22.6,170.7
-2827040400,15.7,23.9,181.5
-2824448400,20.8,27.9,253.5
-2821770000,21.4,29.6,181.4
-2819091600,17.9,27.0,91.5
-2816499600,12.1,21.6,222.9
-2813821200,3.3,16.8,60.3
-2811229200,-2.8,11.1,0.2
-2808550800,-4.1,8.9,44.2
-2805872400,-2.1,9.4,60.6
-2803453200,-0.7,10.5,166.8
-2800774800,4.6,16.9,112.8
-2798182800,11.3,22.4,51.4
-2795504400,17.3,25.7,205.9
-2792912400,20.2,27.9,52.2
-2790234000,22.7,31.1,99.7
-2787555600,18.7,26.2,266.6
-2784963600,10.7,20.7,86.4
-2782285200,4.6,16.6,202.9
-2779693200,-1.1,9.6,94.9
-2777014800,-1.3,10.2,46.0
-2774336400,0.0,9.6,75.9
-2771917200,0.0,12.5,41.0
-2769238800,7.1,18.4,97.9
-2766646800,10.6,21.7,187.9
-2763968400,16.6,24.0,191.8
-2761376400,20.7,28.2,96.8
-2758698000,21.2,28.5,108.4
-2756019600,17.7,24.8,223.0
-2753427600,11.2,20.0,300.1
-2750749200,4.9,14.8,99.4
-2748157200,-0.8,10.8,10.1
-2745478800,-1.9,8.6,72.0
-2742800400,-1.6,5.8,204.9
-2740381200,0.6,10.2,163.5
-2737702800,7.3,16.6,135.4
-2735110800,10.8,19.9,111.9
-2732432400,16.0,23.6,90.8
-2729840400,20.5,27.2,199.0
-2727162000,21.0,29.3,92.4
-2724483600,18.1,25.6,147.9
-2721891600,13.2,20.5,265.6
-2719213200,5.5,15.4,37.6
-2716621200,-0.3,11.1,31.6
-2713942800,-2.4,8.4,31.6
-2711264400,-2.1,8.1,92.3
-2708758800,1.6,10.7,151.6
-2706080400,6.7,16.2,147.9
-2703488400,10.5,20.2,134.9
-2700810000,16.3,23.6,181.6
-2698218000,20.4,27.0,102.9
-2695539600,20.4,28.1,90.5
-2692861200,19.0,26.5,193.2
-2690269200,11.6,20.6,78.6
-2687590800,2.6,12.9,84.5
-2684998800,-1.9,9.5,25.2
-2682320400,-4.0,5.7,47.1
-2679642000,-2.4,7.2,27.0
-2677222800,-0.1,10.0,75.5
-2674544400,6.7,14.8,151.7
-2671952400,10.6,19.3,77.2
-2669274000,17.4,23.4,331.0
-2666682000,20.0,26.6,182.6
-2664003600,22.0,29.0,103.2
-2661325200,18.7,26.0,72.0
-2658733200,12.4,20.5,291.9
-2656054800,6.3,15.6,116.1
-2653462800,1.3,11.3,56.4
-2650784400,-2.0,8.2,37.0
-2648106000,-2.6,7.3,27.1
-2645686800,2.1,12.0,77.7
-2643008400,8.5,16.9,105.6
-2640416400,12.6,20.3,164.1
-2637738000,17.1,25.1,80.5
-2635146000,21.5,29.3,48.5
-2632467600,22.5,31.2,87.1
-2629789200,20.6,26.9,254.6
-2627197200,13.0,21.0,190.7
-2624518800,6.0,15.6,192.1
-2621926800,-0.7,11.0,25.3
-2619248400,-0.8,6.2,111.9
-2616570000,-0.1,9.8,1.5
-2614150800,1.4,12.8,140.5
-2611472400,7.6,17.3,79.8
-2608880400,11.2,19.2,147.4
-2606202000,17.1,24.1,216.2
-2603610000,20.6,27.4,91.2
-2600931600,22.2,29.3,91.6
-2598253200,17.7,25.4,100.4
-2595661200,12.6,21.4,223.5
-2592982800,7.0,17.5,31.2
-2590390800,0.0,12.7,14.8
-2587712400,-2.2,9.8,2.5
-2585034000,-2.1,7.4,31.3
-2582528400,1.5,13.1,69.1
-2579850000,8.1,17.5,104.2
-2577258000,11.7,20.4,144.4
-2574579600,14.6,22.8,174.0
-2571987600,21.7,28.3,135.9
-2569309200,22.3,29.7,81.0
-2566630800,17.5,25.1,184.5
-2564038800,10.9,20.0,211.7
-2561360400,7.5,16.4,188.0
-2558768400,0.5,11.0,51.9
-2556090000,-2.1,7.5,22.4
-2553411600,-1.6,8.4,45.9
-2550992400,2.1,12.2,63.4
-2548314000,8.2,16.3,156.0
-2545722000,11.3,20.3,195.3
-2543043600,17.3,25.0,68.5
-2540451600,20.6,26.9,259.9
-2537773200,22.3,30.0,96.2
-2535094800,17.3,24.1,187.3
-2532502800,10.8,19.6,109.7
-2529824400,5.4,14.8,47.5
-2527232400,0.5,10.6,67.2
-2524554000,-1.1,8.6,61.7
-2521875600,1.4,11.1,87.6
-2519456400,5.2,13.2,206.9
-2516778000,9.7,18.7,129.6
-2514186000,12.1,19.9,288.3
-2511507600,18.4,26.0,116.6
-2508915600,20.0,27.3,105.3
-2506237200,22.8,29.0,336.0
-2503558800,20.8,28.3,101.9
-2500966800,12.3,20.3,303.2
-2498288400,6.2,16.2,173.3
-2495696400,4.7,14.7,47.8
-2493018000,-2.6,8.8,30.5
-2490339600,-0.4,8.6,66.9
-2487920400,4.2,13.7,179.9
-2485242000,7.5,16.6,106.4
-2482650000,12.8,23.4,52.0
-2479971600,16.7,24.2,193.9
-2477379600,21.7,28.7,81.7
-2474701200,22.0,29.6,45.5
-2472022800,20.9,28.4,247.7
-2469430800,11.7,21.8,20.0
-2466752400,5.5,16.0,138.8
-2464160400,0.3,11.9,57.5
-2461482000,-0.6,9.0,13.6
-2458803600,-0.4,9.0,127.0
-2456298000,0.8,9.9,141.7
-2453619600,8.1,17.9,112.5
-2451027600,12.1,21.1,347.5
-2448349200,18.4,24.1,285.9
-2445757200,22.4,29.7,109.1
-2443078800,22.5,31.1,20.9
-2440400400,19.8,26.8,288.9
-2437808400,13.2,20.3,136.6
-2435130000,5.5,15.0,126.2
-2432538000,-1.8,9.3,5.2
-2429859600,-2.5,8.5,50.9
-2427181200,-1.7,6.9,49.8
-2424762000,0.9,11.8,26.0
-2422083600,8.5,18.2,204.1
-2419491600,11.3,20.1,267.9
-2416813200,16.8,24.6,95.5
-2414221200,21.1,30.2,54.9
-2411542800,22.7,30.6,95.3
-2408864400,18.7,26.9,90.8
-2406272400,12.1,20.3,147.8
-2403594000,5.0,15.8,76.6
-2401002000,-0.5,11.1,1.7
-2398323600,-1.3,8.2,42.5
-2395645200,-1.3,9.3,31.1
-2393226000,4.0,13.0,112.4
-2390547600,9.5,18.6,178.3
-2387955600,11.3,20.9,84.3
-2385277200,19.7,28.1,57.5
-2382685200,23.0,31.6,61.6
-2380006800,23.4,31.5,199.5
-2377328400,19.1,25.5,144.9
-2374736400,12.2,19.5,192.7
-2372058000,7.0,17.2,98.4
-2369466000,0.7,11.7,117.6
-2366787600,-2.5,7.7,43.5
-2364109200,-1.1,9.4,88.1
-2361690000,2.4,11.9,69.1
-2359011600,7.6,18.2,92.4
-2356419600,12.7,22.2,58.8
-2353741200,16.6,24.5,177.6
-2351149200,19.4,25.7,299.8
-2348470800,22.8,29.7,129.3
-2345792400,19.7,27.1,83.6
-2343200400,13.2,20.9,157.6
-2340522000,5.5,15.2,123.9
-2337930000,0.9,11.4,74.1
-2335251600,-1.7,9.3,35.9
-2332573200,-0.4,8.5,105.5
-2330067600,1.5,10.9,64.6
-2327389200,9.4,18.2,127.3
-2324797200,12.6,20.8,130.5
-2322118800,18.1,25.7,74.4
-2319526800,21.0,28.1,67.1
-2316848400,22.5,30.4,152.7
-2314170000,19.2,26.2,208.4
-2311578000,12.5,20.1,171.7
-2308899600,6.1,16.1,195.8
-2306307600,0.3,10.3,40.0
-2303629200,-0.3,8.1,88.1
-2300950800,-1.0,8.4,47.0
-2298531600,1.7,10.1,81.3
-2295853200,6.8,15.7,160.9
-2293261200,12.9,21.9,120.4
-2290582800,15.4,22.9,145.4
-2287990800,19.9,26.6,141.7
-2285312400,21.7,29.2,75.6
-2282634000,17.6,24.8,398.5
-2280042000,11.3,20.2,131.7
-2277363600,5.8,15.1,106.4
-2274771600,-1.5,10.0,0.2
-2272093200,0.0,7.9,126.9
-2269414800,0.1,9.3,97.1
-2266995600,1.8,10.1,47.1
-2264317200,6.8,16.0,191.5
-2261725200,12.0,21.3,115.2
-2259046800,15.8,23.2,254.8
-2256454800,21.8,30.3,44.0
-2253776400,22.7,30.6,219.8
-2251098000,18.4,25.6,249.1
-2248506000,12.2,20.7,79.5
-2245827600,7.1,15.7,158.4
-2243235600,2.6,11.3,128.5
-2240557200,-1.3,8.9,30.1
-2237878800,0.2,9.2,87.9
-2235459600,3.8,13.6,182.6
-2232781200,8.4,17.8,105.5
-2230189200,13.4,22.7,124.4
-2227510800,18.0,25.8,124.5
-2224918800,20.2,26.9,274.7
-2222240400,22.8,30.3,60.8
-2219562000,16.9,23.5,196.2
-2216970000,10.4,19.7,354.5
-2214291600,4.0,14.6,16.3
-2211699600,1.1,10.3,91.6
-2209021200,-2.1,6.0,69.2
-2206342800,-1.0,8.2,31.3
-2203923600,1.1,10.8,69.3
-2201245200,7.5,15.7,168.6
-2198653200,12.8,22.3,127.3
-2195974800,15.2,24.0,89.4
-2193382800,19.7,26.5,122.1
-2190704400,22.6,30.5,66.3
-2188026000,19.3,26.9,173.9
-2185434000,12.6,21.6,113.6
-2182755600,6.7,16.3,131.9
-2180163600,0.9,11.5,25.1
-2177485200,0.2,9.0,74.4
-2174806800,-1.3,9.5,30.2
-2172387600,2.1,12.9,131.2
-2169709200,9.0,18.1,132.6
-2167117200,12.0,20.8,149.3
-2164438800,17.4,24.6,172.1
-2161846800,19.3,26.0,229.0
-2159168400,21.6,29.9,53.8
-2156490000,18.9,26.7,130.8
-2153898000,13.2,21.2,311.1
-2151219600,5.5,15.7,63.6
-2148627600,-0.5,10.7,110.8
-2145949200,-2.4,8.6,33.4
-2143270800,-1.2,9.1,20.9
-2140851600,3.6,13.5,92.4
-2138173200,6.4,16.9,140.3
-2135581200,12.1,20.7,222.7
-2132902800,16.3,24.1,204.7
-2130310800,18.8,25.6,159.6
-2127632400,20.2,26.2,310.3
-2124954000,19.6,26.4,244.2
-2122362000,12.7,21.3,104.7
-2119683600,7.7,16.3,105.1
-2117091600,3.8,11.5,115.4
-2114413200,0.9,9.1,122.4
-2111734800,-0.2,8.9,80.0
-2109315600,4.2,12.1,165.9
-2106637200,8.7,17.2,155.5
-2104045200,11.7,20.6,159.0
-2101366800,15.8,24.2,145.4
-2098774800,20.3,26.9,286.8
-2096096400,21.6,31.0,22.6
-2093418000,18.9,26.5,284.4
-2090826000,12.0,18.9,294.7
-2088147600,4.7,14.0,130.0
-2085555600,-0.2,9.2,65.5
-2082877200,-2.3,7.2,7.0
-2080198800,0.2,9.0,67.7
-2077693200,2.6,10.3,101.5
-2075014800,9.3,17.6,97.3
-2072422800,11.9,19.8,142.4
-2069744400,18.4,25.9,91.6
-2067152400,21.7,28.7,239.4
-2064474000,21.2,29.9,74.7
-2061795600,17.6,25.3,200.5
-2059203600,13.2,20.3,248.8
-2056525200,3.8,15.1,14.5
-2053933200,0.7,10.3,96.4
-2051254800,0.1,9.2,59.8
-2048576400,-1.6,7.7,47.6
-2046157200,1.2,10.4,97.9
-2043478800,6.6,15.6,152.2
-2040886800,12.8,21.1,131.0
-2038208400,17.9,24.1,237.4
-2035616400,20.2,27.3,94.2
-2032938000,19.4,25.7,202.5
-2030259600,18.5,25.9,83.5
-2027667600,12.6,20.3,70.5
-2024989200,6.0,14.9,66.8
-2022397200,2.9,11.2,86.7
-2019718800,-2.1,7.1,62.5
-2017040400,-0.5,6.2,166.7
-2014621200,2.7,12.1,61.5
-2011942800,7.9,17.9,43.5
-2009350800,11.9,21.0,80.6
-2006672400,15.2,22.1,165.3
-2004080400,20.9,27.0,154.9
-2001402000,21.1,28.6,253.5
-1998723600,16.7,23.2,226.4
-1996131600,11.5,19.3,220.5
-1993453200,5.0,14.1,61.7
-1990861200,0.8,12.0,22.4
-1988182800,0.0,8.4,47.1
-1985504400,-1.8,8.0,4.4
-1983085200,1.0,10.6,144.1
-1980406800,7.6,17.3,143.8
-1977814800,12.5,21.9,168.1
-1975136400,15.8,22.9,169.8
-1972544400,19.6,26.6,102.9
-1969866000,23.0,29.6,219.0
-1967187600,18.4,24.7,265.9
-1964595600,11.2,20.1,226.2
-1961917200,7.8,15.3,127.6
-1959325200,-0.3,9.9,21.5
-1956646800,-1.2,8.3,28.3
-1953968400,-1.0,8.6,35.6
-1951462800,2.0,10.7,137.0
-1948784400,7.7,16.9,185.3
-1946192400,11.8,20.7,147.8
-1943514000,17.6,24.9,219.0
-1940922000,19.1,25.9,152.8
-1938243600,22.3,29.5,223.6
-1935565200,16.5,23.2,370.6
-1932973200,12.4,20.6,116.5
-1930294800,3.9,14.8,14.8
-1927702800,0.0,10.2,60.8
-1925024400,-1.4,6.1,103.9
-1922346000,-1.6,8.7,32.0
-1919926800,2.8,10.3,196.6
-1917248400,8.4,18.9,140.3
-1914656400,12.3,21.5,178.1
-1911978000,17.3,23.8,172.6
-1909386000,21.0,28.3,118.3
-1906707600,21.7,29.7,92.2
-1904029200,18.7,25.3,346.5
-1901437200,10.9,19.4,57.8
-1898758800,4.6,15.8,72.6
-1896166800,-0.4,10.2,0.8
-1893488400,0.7,8.4,119.8
-1890810000,-1.9,8.1,45.1
-1888390800,1.1,11.1,70.2
-1885712400,7.9,16.9,79.3
-1883120400,12.6,21.4,176.2
-1880442000,17.3,24.6,112.6
-1877850000,20.0,26.4,147.2
-1875171600,21.2,27.8,419.9
-1872493200,18.0,24.4,201.4
-1869901200,13.2,19.3,307.9
-1867222800,5.9,16.0,46.9
-1864630800,-0.3,9.7,24.2
-1861952400,-1.1,6.8,97.5
-1859274000,0.8,10.1,30.7
-1856854800,3.6,13.0,117.6
-1854176400,9.3,18.5,130.1
-1851584400,11.3,21.2,101.2
-1848906000,17.7,24.6,274.5
-1846314000,21.3,28.5,304.6
-1843635600,22.7,29.7,400.5
-1840957200,19.3,26.7,173.5
-1838365200,12.3,20.1,150.8
-1835686800,8.1,17.7,53.7
-1833094800,0.7,10.1,32.2
-1830416400,-1.4,8.7,49.9
-1827738000,1.1,11.5,120.1
-1825232400,3.7,12.9,115.6
-1822554000,7.6,18.0,142.0
-1819962000,12.4,21.6,106.1
-1817283600,16.5,24.5,264.1
-1814691600,21.1,28.5,152.7
-1812013200,21.6,30.1,67.9
-1809334800,17.2,23.8,400.7
-1806742800,12.2,20.7,107.5
-1804064400,5.4,13.9,106.1
-1801472400,1.2,9.6,101.6
-1798794000,-2.4,7.5,61.1
-1796115600,0.4,9.5,82.5
-1793696400,1.0,11.9,45.1
-1791018000,9.0,18.8,68.0
-1788426000,11.2,21.4,187.0
-1785747600,16.6,24.9,149.4
-1783155600,20.4,27.8,88.3
-1780477200,20.1,28.9,252.2
-1777798800,16.6,24.5,262.3
-1775206800,12.3,19.7,244.9
-1772528400,5.6,15.3,106.8
-1769936400,0.6,11.0,49.4
-1767258000,-0.8,10.8,23.5
-1764579600,-0.4,8.6,64.9
-1762160400,4.5,13.9,197.0
-1759482000,6.8,17.5,178.2
-1756890000,13.9,22.3,193.7
-1754211600,18.3,25.5,124.7
-1751619600,21.6,30.0,26.0
-1748941200,22.7,31.3,278.0
-1746262800,19.3,26.5,355.4
-1743670800,11.6,21.5,151.8
-1740992400,7.7,17.1,54.0
-1738400400,0.9,11.7,47.2
-1735722000,-0.8,8.1,94.0
-1733043600,0.5,8.6,141.2
-1730624400,2.0,11.8,106.3
-1727946000,7.6,16.7,211.1
-1725354000,11.1,20.7,153.8
-1722675600,18.5,26.0,241.6
-1720083600,20.5,28.8,19.5
-1717405200,22.9,29.7,326.1
-1714726800,19.7,26.6,213.0
-1712134800,14.2,21.8,317.4
-1709456400,7.2,15.6,84.8
-1706864400,1.0,11.8,17.9
-1704186000,-0.3,11.4,27.5
-1701507600,-0.1,9.2,139.0
-1699002000,1.1,11.0,61.1
-1696323600,8.6,17.6,113.8
-1693731600,12.7,21.8,135.2
-1691053200,19.1,27.1,141.1
-1688461200,20.9,28.1,319.2
-1685782800,22.1,29.2,202.8
-1683104400,20.3,28.2,170.6
-1680512400,12.8,19.8,301.5
-1677834000,7.4,15.9,267.9
-1675242000,2.8,11.3,51.1
-1672563600,-2.5,8.4,33.0
-1669885200,-0.7,10.4,15.5
-1667466000,2.1,11.3,170.2
-1664787600,8.0,17.7,80.5
-1662195600,10.6,20.8,72.3
-1659517200,16.2,23.5,177.4
-1656925200,22.0,30.3,17.0
-1654246800,21.5,29.5,45.3
-1651568400,19.4,25.4,255.4
-1648976400,13.3,20.6,355.2
-1646298000,4.2,13.9,81.7
-1643706000,-1.2,10.4,4.4
-1641027600,-3.4,7.3,10.0
-1638349200,-0.8,8.8,64.9
-1635930000,2.6,11.6,162.9
-1633251600,7.5,16.5,107.9
-1630659600,12.0,21.4,123.2
-1627981200,17.1,23.7,148.8
-1625389200,22.5,30.2,82.2
-1622710800,22.5,30.6,78.1
-1620032400,18.8,27.2,202.5
-1617440400,12.7,20.1,134.8
-1614762000,6.5,15.1,141.6
-1612170000,0.1,8.7,79.6
-1609491600,-1.2,7.4,85.1
-1606813200,-0.1,7.9,142.4
-1604394000,3.5,13.7,93.0
-1601715600,8.2,18.6,53.5
-1599123600,11.4,21.0,90.8
-1596445200,16.0,24.2,118.6
-1593853200,20.2,27.5,177.5
-1591174800,21.5,29.3,95.5
-1588496400,19.3,26.8,248.4
-1585904400,13.0,20.9,162.8
-1583226000,8.0,15.2,178.4
-1580634000,1.2,10.5,88.2
-1577955600,-1.0,10.1,62.6
-1575277200,-0.6,6.6,111.4
-1572771600,2.5,11.0,128.3
-1570093200,8.3,17.4,194.5
-1567501200,13.2,21.3,259.6
-1564822800,17.0,24.1,218.9
-1562230800,22.5,30.6,117.9
-1559552400,23.0,29.3,325.1
-1556874000,18.2,25.5,369.8
-1554282000,12.7,21.0,240.9
-1551603600,7.9,17.0,65.9
-1549011600,1.1,10.3,98.8
-1546333200,-0.6,9.4,56.5
-1543654800,-1.2,9.2,86.2
-1541235600,1.3,11.5,99.3
-1538557200,9.5,18.7,136.8
-1535965200,12.7,20.8,269.4
-1533286800,15.6,22.5,206.5
-1530694800,21.4,28.4,209.0
-1528016400,22.2,29.2,154.7
-1525338000,18.5,24.7,448.8
-1522746000,12.0,19.5,306.4
-1520067600,3.7,16.0,4.6
-1517475600,0.4,10.4,47.0
-1514797200,-3.2,5.5,60.5
-1512118800,2.9,12.0,226.9
-1509699600,1.6,12.1,104.7
-1507021200,8.5,18.3,180.1
-1504429200,12.7,21.8,96.7
-1501750800,17.5,26.6,139.9
-1499158800,21.8,29.2,115.3
-1496480400,23.6,32.2,199.3
-1493802000,19.8,27.9,45.1
-1491210000,12.4,22.4,168.9
-1488531600,6.2,16.5,63.6
-1485939600,-1.3,9.9,10.2
-1483261200,-2.8,6.9,64.2
-1480582800,-1.0,7.6,119.8
-1478163600,3.2,13.1,107.5
-1475485200,7.4,16.9,116.1
-1472893200,13.3,20.8,192.4
-1470214800,16.8,24.0,280.9
-1467622800,20.7,27.8,168.2
-1464944400,23.6,31.7,42.2
-1462266000,20.1,28.6,259.4
-1459674000,12.9,21.3,164.0
-1456995600,7.7,16.7,138.1
-1454403600,1.2,10.7,44.6
-1451725200,-2.3,8.8,8.7
-1449046800,-0.4,9.8,68.4
-1446541200,0.0,10.2,64.2
-1443862800,10.4,19.1,170.8
-1441270800,11.9,21.9,168.3
-1438592400,15.9,23.6,114.2
-1436000400,22.3,30.8,12.9
-1433322000,22.4,30.7,185.9
-1430643600,18.2,25.9,363.2
-1428051600,11.5,19.5,260.8
-1425373200,4.6,16.1,28.4
-1422781200,0.8,10.4,29.5
-1420102800,-1.6,7.9,43.1
-1417424400,-1.8,6.9,53.5
-1415005200,0.5,12.2,33.0
-1412326800,7.1,16.8,131.6
-1409734800,10.9,21.2,109.0
-1407056400,16.5,24.2,105.3
-1404464400,19.6,27.1,128.5
-1401786000,22.6,29.7,360.5
-1399107600,19.4,26.6,359.4
-1396515600,12.3,20.7,239.6
-1393837200,6.7,16.5,100.7
-1391245200,1.4,12.6,48.3
-1388566800,-2.2,9.0,7.3
-1385888400,-0.4,9.8,50.0
-1383469200,1.0,11.2,70.6
-1380790800,4.4,17.1,101.4
-1378198800,11.6,21.0,235.5
-1375520400,14.4,23.8,134.4
-1372928400,20.9,28.9,60.8
-1370250000,22.5,30.8,84.2
-1367571600,19.9,27.3,182.4
-1364979600,10.6,19.9,95.2
-1362301200,4.9,15.6,41.3
-1359709200,-0.9,9.2,113.7
-1357030800,-2.6,8.4,20.3
-1354352400,-2.5,7.0,42.7
-1351933200,1.5,11.3,207.0
-1349254800,8.8,18.2,112.3
-1346662800,12.3,21.9,194.8
-1343984400,16.2,25.1,120.8
-1341392400,22.6,30.3,116.7
-1338714000,22.8,31.4,107.3
-1336035600,17.9,24.9,345.0
-1333443600,12.6,21.0,80.1
-1330765200,6.3,16.5,71.5
-1328173200,0.8,10.7,26.4
-1325494800,-1.0,8.8,71.7
-1322816400,-1.7,8.7,91.0
-1320310800,2.0,12.0,158.2
-1317632400,7.7,17.2,169.8
-1315040400,13.4,21.8,117.9
-1312362000,17.0,23.5,320.8
-1309770000,20.5,26.6,127.4
-1307091600,21.0,27.7,247.3
-1304413200,20.2,27.9,83.7
-1301821200,13.2,20.6,265.9
-1299142800,7.3,16.5,64.1
-1296550800,0.9,10.0,32.6
-1293872400,-2.7,8.2,1.7
-1291194000,-2.8,8.8,2.9
-1288774800,1.3,12.4,50.1
-1286096400,7.4,16.8,134.8
-1283504400,12.0,19.7,255.3
-1280826000,16.4,24.7,115.7
-1278234000,22.4,29.8,58.4
-1275555600,23.2,31.4,63.6
-1272877200,17.1,24.3,544.1
-1270285200,13.1,20.2,323.1
-1267606800,7.3,14.8,203.7
-1265014800,4.7,12.8,155.7
-1262336400,-0.3,8.4,41.4
-1259658000,1.5,9.6,108.3
-1257238800,4.4,13.0,162.1
-1254560400,9.4,18.7,149.0
-1251968400,13.4,22.2,105.2
-1249290000,17.7,25.1,123.2
-1246698000,22.9,30.0,139.3
-1244019600,23.4,30.6,51.5
-1241341200,17.4,26.2,191.9
-1238749200,12.6,21.3,255.6
-1236070800,5.7,15.6,77.7
-1233478800,1.0,10.1,71.0
-1230800400,-1.3,7.8,73.0
-1228122000,-0.9,6.4,85.3
-1225702800,2.8,13.6,83.0
-1223024400,7.4,17.5,69.7
-1220432400,11.3,21.0,244.2
-1217754000,16.7,24.3,114.9
-1215162000,19.0,25.1,193.6
-1212483600,22.8,30.4,49.0
-1209805200,19.2,26.4,228.0
-1207213200,12.3,21.0,249.1
-1204534800,7.3,15.9,107.6
-1201942800,2.3,12.1,67.1
-1199264400,1.0,11.5,38.7
-1196586000,-0.1,9.2,61.2
-1194080400,1.6,12.2,108.0
-1191402000,7.3,16.9,156.5
-1188810000,13.0,22.6,63.8
-1186131600,16.4,23.4,187.4
-1183539600,22.5,29.4,115.5
-1180861200,23.6,30.6,86.8
-1178182800,19.0,25.3,363.1
-1175590800,12.9,20.7,153.9
-1172912400,6.8,16.1,267.7
-1170320400,1.7,11.1,87.4
-1167642000,-0.6,7.6,58.4
-1164963600,-0.6,8.5,18.7
-1162544400,2.0,9.6,133.9
-1159866000,8.4,16.2,135.4
-1157274000,13.5,23.1,60.3
-1154595600,18.0,26.0,34.1
-1152003600,23.2,30.7,44.2
-1149325200,24.1,31.6,43.2
-1146646800,19.0,27.8,42.7
-1144054800,12.7,21.5,301.9
-1141376400,6.8,16.3,84.1
-1138784400,1.4,11.7,54.4
-1136106000,-2.4,8.3,18.4
-1133427600,-1.0,9.7,28.3
-1131008400,0.8,11.4,68.3
-1128330000,6.9,16.1,150.0
-1125738000,13.2,22.5,83.9
-1123059600,17.9,26.3,133.5
-1120467600,20.9,27.5,111.1
-1117789200,22.5,30.4,23.4
-1115110800,18.6,25.1,200.6
-1112518800,11.0,18.5,196.1
-1109840400,6.4,15.9,141.5
-1107248400,1.9,10.6,91.6
-1104570000,-0.8,8.9,58.6
-1101891600,0.7,9.4,110.7
-1099472400,2.3,12.5,115.9
-1096794000,7.7,17.3,142.2
-1094202000,12.2,21.3,84.2
-1091523600,17.8,25.8,131.3
-1088931600,20.7,28.3,99.1
-1086253200,21.9,28.2,196.6
-1083574800,18.0,24.3,369.3
-1080982800,13.2,22.1,214.4
-1078304400,6.4,15.6,74.7
-1075712400,1.2,10.8,59.8
-1073034000,-2.8,9.8,32.1
-1070355600,-1.2,6.8,129.0
-1067850000,1.5,11.1,41.4
-1065171600,7.4,16.9,198.9
-1062579600,12.5,20.5,169.1
-1059901200,17.8,25.1,120.4
-1057309200,21.2,28.9,246.3
-1054630800,22.8,30.8,92.5
-1051952400,20.7,28.5,232.0
-1049360400,12.2,20.1,252.8
-1046682000,7.3,15.4,60.1
-1044090000,2.0,11.4,53.0
-1041411600,0.4,9.2,78.1
-1038733200,1.6,10.4,144.9
-1036314000,3.4,13.2,145.7
-1033635600,8.1,17.6,126.5
-1031043600,13.3,22.1,124.5
-1028365200,15.7,23.4,131.4
-1025773200,23.4,29.8,48.6
-1023094800,24.3,32.8,10.8
-1020416400,19.0,26.9,181.6
-1017824400,12.8,20.6,192.2
-1015146000,7.3,15.9,95.4
-1012554000,0.0,11.1,79.3
-1009875600,-2.1,8.2,32.0
-1007197200,-1.1,8.2,65.5
-1004778000,4.7,13.2,92.0
-1002099600,8.0,18.3,96.4
-999507600,14.8,22.7,127.5
-996829200,17.5,24.8,649.0
-994237200,21.8,29.1,255.1
-991558800,23.2,29.7,191.9
-988880400,19.2,26.4,265.2
-986288400,12.8,20.9,351.5
-983610000,6.5,16.4,21.0
-981018000,1.5,10.7,82.5
-978339600,-1.8,7.2,35.1
-975661200,-0.2,9.1,52.7
-973242000,2.7,12.6,98.3
-970563600,7.9,17.3,211.3
-967971600,13.3,20.9,139.1
-965293200,16.9,24.7,235.4
-962701200,23.1,30.7,172.2
-960022800,22.4,29.8,293.5
-957344400,20.4,27.7,266.7
-954752400,14.5,22.1,182.1
-952074000,8.2,16.9,53.8
-949482000,0.2,11.1,9.8
-946803600,-2.7,8.9,0.0
-944125200,-0.8,8.9,53.9
-941619600,3.0,13.3,65.2
-938941200,8.2,18.0,163.4
-936349200,12.5,23.0,54.3
-933670800,18.0,26.8,185.7
-931078800,22.9,31.8,28.4
-928400400,21.4,29.0,187.0
-925722000,18.2,26.2,191.5
-923130000,14.0,22.2,72.3
-920451600,8.4,16.7,65.8
-917859600,1.4,11.5,26.9
-915181200,-0.2,10.6,51.7
-912502800,0.3,10.5,64.5
-910083600,3.7,12.9,157.0
-907405200,8.1,17.3,75.1
-904813200,13.3,21.9,206.9
-902134800,17.3,24.3,209.6
-899542800,20.8,27.4,673.7
-896864400,22.3,29.2,181.5
-894186000,17.4,24.2,218.6
-891594000,13.0,22.5,54.6
-888915600,7.9,16.2,165.6
-886323600,2.9,11.9,96.4
-883645200,-2.3,8.8,5.9
-880966800,-1.3,7.2,75.7
-878547600,5.2,15.8,113.6
-875869200,7.5,18.8,155.0
-873277200,12.6,22.1,132.6
-870598800,18.4,26.3,171.9
-868006800,23.8,31.9,8.6
-865328400,23.5,31.3,277.3
-862650000,21.4,29.1,278.0
-860058000,12.1,21.4,147.4
-857379600,5.6,15.4,81.6
-854787600,1.1,10.8,21.9
-852109200,-2.5,8.0,61.9
-849430800,-0.9,9.4,91.2
-847011600,2.4,11.9,31.4
-844333200,6.5,16.8,120.3
-841741200,13.1,22.5,131.5
-839062800,18.1,25.6,125.2
-836470800,22.0,29.0,134.9
-833792400,23.7,31.9,109.0
-831114000,21.2,28.4,186.3
-828522000,13.9,21.3,363.4
-825843600,6.5,16.2,22.5
-823251600,1.4,11.4,13.7
-820573200,-1.5,8.7,12.3
-817894800,-1.5,8.8,27.7
-815389200,0.9,10.8,118.1
-812710800,6.1,15.7,188.8
-810118800,13.1,22.5,69.4
-807440400,18.4,27.0,93.0
-804848400,21.7,30.3,118.7
-802170000,23.9,32.1,53.2
-799491600,19.6,27.6,76.9
-796899600,13.0,20.4,418.8
-794221200,7.3,15.5,129.2
-791629200,-0.2,10.4,22.7
-788950800,-3.8,7.4,2.1
-786272400,-2.8,6.9,100.3
-783853200,1.9,11.8,57.0
-781174800,8.0,19.8,94.0
-778582800,11.2,20.7,130.9
-775904400,17.1,24.6,89.1
-773312400,18.7,26.1,208.5
-770634000,23.1,31.3,126.8
-767955600,19.1,26.5,118.4
-765363600,13.2,20.9,530.8
-762685200,6.9,16.8,120.8
-760093200,0.0,11.1,37.2
-757414800,-1.3,9.3,33.4
-754736400,0.1,9.5,95.4
-752317200,2.2,10.7,103.7
-749638800,9.4,19.6,118.8
-747046800,12.9,21.2,113.3
-744368400,19.9,28.7,59.7
-741776400,22.7,30.8,127.0
-739098000,23.3,31.4,56.2
-736419600,19.3,28.0,145.5
-733827600,13.2,22.0,234.3
-731149200,8.8,17.1,113.1
-728557200,0.1,10.4,35.9
-725878800,-0.6,8.0,69.9
-723200400,-2.4,8.9,36.0
-720781200,1.9,11.9,77.0
-718102800,7.0,19.0,62.1
-715510800,12.6,21.7,146.6
-712832400,16.4,22.8,90.1
-710240400,22.0,30.5,19.9
-707562000,23.9,33.3,128.0
-704883600,19.4,27.1,213.2
-702291600,12.0,19.8,121.4
-699613200,5.5,15.7,27.2
-697021200,-0.6,9.6,46.4
-694342800,-0.9,10.1,39.7
-691664400,0.6,10.6,75.5
-689158800,2.2,11.3,67.4
-686480400,9.9,18.6,149.2
-683888400,14.0,22.5,93.4
-681210000,18.3,25.6,215.5
-678618000,22.7,30.6,323.0
-675939600,22.4,29.7,287.6
-673261200,20.1,28.2,197.6
-670669200,13.9,21.8,65.0
-667990800,7.6,17.0,193.3
-665398800,3.7,13.1,50.2
-662720400,0.2,11.7,54.5
-660042000,2.0,11.5,70.9
-657622800,1.9,11.9,56.8
-654944400,7.2,17.4,120.5
-652352400,13.9,23.4,109.7
-649674000,16.3,23.1,284.3
-647082000,21.9,29.5,81.6
-644403600,22.9,31.4,253.2
-641725200,18.6,27.0,200.1
-639133200,12.9,20.3,296.9
-636454800,6.2,14.5,167.1
-633862800,2.1,10.6,86.5
-631184400,0.6,10.0,89.3
-628506000,0.7,9.5,78.7
-626086800,3.0,13.6,69.3
-623408400,10.1,18.8,147.4
-620816400,15.5,24.0,111.8
-618138000,19.0,25.4,372.1
-615546000,23.5,31.0,253.8
-612867600,23.2,30.4,297.7
-610189200,20.8,28.6,64.9
-607597200,12.3,20.4,223.5
-604918800,7.1,15.9,116.4
-602326800,0.9,11.2,126.8
-599648400,-1.0,8.6,36.4
-596970000,0.4,9.7,120.4
-594550800,4.1,14.2,149.1
-591872400,9.0,18.3,177.1
-589280400,13.9,23.3,86.4
-586602000,17.3,25.9,144.3
-584010000,21.2,28.3,157.4
-581331600,23.5,31.6,220.6
-578653200,17.4,24.7,217.8
-576061200,13.9,21.7,170.1
-573382800,6.8,16.8,68.4
-570790800,2.2,13.4,41.8
-568112400,-0.1,9.7,98.9
-565434000,-0.6,6.8,79.9
-562928400,3.7,12.1,221.2
-560250000,9.0,18.3,202.8
-557658000,13.8,23.2,136.7
-554979600,17.9,25.5,242.6
-552387600,21.5,28.2,205.3
-549709200,23.7,31.4,73.3
-547030800,19.6,26.9,129.0
-544438800,13.8,21.8,105.0
-541760400,8.2,16.5,124.4
-539168400,1.0,10.6,21.5
-536490000,-1.0,8.7,38.2
-533811600,-0.7,9.7,42.1
-531392400,5.1,14.6,136.5
-528714000,8.0,17.6,49.6
-526122000,13.9,22.3,170.3
-523443600,17.6,24.6,191.2
-520851600,22.0,28.3,183.8
-518173200,22.4,28.9,247.2
-515494800,19.2,26.1,248.1
-512902800,13.6,21.7,144.0
-510224400,6.4,15.7,21.3
-507632400,3.8,12.1,47.1
-504954000,0.4,8.6,120.4
-502275600,0.5,11.6,53.0
-499856400,4.2,13.1,115.2
-497178000,10.9,19.4,177.3
-494586000,13.8,21.8,136.8
-491907600,15.6,21.6,304.5
-489315600,19.9,25.7,121.9
-486637200,24.2,31.0,120.8
-483958800,22.0,28.5,246.4
-481366800,12.6,19.7,145.1
-478688400,7.5,16.5,149.6
-476096400,3.5,11.9,79.7
-473418000,-1.2,9.6,43.3
-470739600,1.4,12.1,89.4
-468320400,5.5,12.7,170.5
-465642000,9.7,17.9,87.5
-463050000,14.5,22.5,158.2
-460371600,19.6,26.8,81.0
-457779600,24.3,31.8,71.0
-455101200,23.3,30.2,201.9
-452422800,18.9,26.4,197.9
-449830800,14.8,21.8,319.4
-447152400,6.6,16.4,110.3
-444560400,3.2,13.8,23.5
-441882000,-0.5,9.8,102.2
-439203600,-0.3,9.8,52.3
-436698000,4.7,13.4,152.6
-434019600,9.3,17.9,137.5
-431427600,13.8,21.8,309.1
-428749200,19.2,26.1,151.6
-426157200,21.1,28.1,64.8
-423478800,22.2,29.7,107.1
-420800400,20.1,26.8,197.1
-418208400,14.6,20.8,302.8
-415530000,8.3,16.1,75.9
-412938000,-0.2,11.0,4.3
-410259600,1.2,11.0,2.6
-407581200,0.4,8.7,93.9
-405162000,1.9,12.4,77.4
-402483600,10.2,18.7,118.5
-399891600,13.4,21.3,164.1
-397213200,16.7,23.4,320.9
-394621200,21.8,27.8,143.1
-391942800,24.6,31.2,47.4
-389264400,18.2,24.4,243.6
-386672400,13.5,21.7,121.8
-383994000,9.0,17.7,51.6
-381402000,3.9,12.8,115.1
-378723600,0.6,10.1,69.5
-376045200,1.8,11.1,67.1
-373626000,4.3,13.5,62.9
-370947600,9.6,18.6,47.5
-368355600,13.5,23.0,80.3
-365677200,18.4,26.4,63.0
-363085200,21.9,28.9,197.5
-360406800,23.0,29.7,83.4
-357728400,20.3,27.3,670.9
-355136400,13.0,19.7,275.9
-352458000,7.7,15.4,89.4
-349866000,3.6,13.3,97.5
-347187600,-0.5,8.9,54.7
-344509200,3.6,12.0,115.3
-342090000,4.9,13.6,92.3
-339411600,10.8,20.2,162.7
-336819600,14.4,23.2,196.9
-334141200,17.5,24.4,123.0
-331549200,23.2,29.9,71.0
-328870800,23.7,30.7,137.2
-326192400,21.1,28.2,162.0
-323600400,14.5,21.9,217.3
-320922000,9.0,16.7,117.6
-318330000,2.7,12.3,176.3
-315651600,0.0,10.6,31.2
-312973200,1.6,12.7,8.8
-310467600,5.1,14.6,71.2
-307789200,8.9,17.2,164.8
-305197200,14.3,22.3,124.8
-302518800,18.2,25.3,83.0
-299926800,22.6,29.8,31.6
-297248400,23.4,30.4,215.0
-294570000,20.8,27.8,177.1
-291978000,13.5,21.1,182.0
-289299600,8.7,16.5,123.1
-286707600,2.3,12.4,69.3
-284029200,-0.7,8.9,39.0
-281350800,-0.5,10.2,43.5
-278931600,3.9,13.4,106.6
-276253200,10.5,20.1,183.1
-273661200,15.8,24.2,55.5
-270982800,19.2,26.8,305.5
-268390800,23.9,31.9,29.5
-265712400,23.7,31.2,30.9
-263034000,21.8,29.8,37.0
-260442000,15.9,21.8,338.4
-257763600,8.6,17.8,50.7
-255171600,2.8,12.7,40.5
-252493200,-0.5,9.8,40.5
-249814800,0.8,11.7,13.5
-247395600,3.3,13.7,65.5
-244717200,9.7,19.2,124.2
-242125200,14.5,22.9,211.5
-239446800,17.8,24.7,244.5
-236854800,22.3,28.8,166.9
-234176400,24.4,32.9,50.1
-231498000,21.1,29.2,4.9
-228906000,13.3,20.9,119.8
-226227600,7.9,15.4,151.8
-223635600,2.5,12.3,62.8
-220957200,-2.6,9.3,0.2
-218278800,0.2,10.3,21.3
-215859600,3.2,12.6,86.7
-213181200,9.7,19.1,76.1
-210589200,15.2,22.7,135.1
-207910800,18.6,25.9,248.2
-205318800,22.6,30.1,65.9
-202640400,23.6,30.9,382.2
-199962000,18.2,25.3,144.2
-197370000,13.0,20.4,294.7
-194691600,8.5,16.7,90.6
-192099600,3.5,13.1,29.8
-189421200,1.6,9.7,144.6
-186742800,0.7,8.3,64.0
-184237200,3.1,12.7,99.7
-181558800,11.1,19.5,94.2
-178966800,14.4,23.9,80.4
-176288400,18.0,25.3,139.9
-173696400,22.1,29.6,45.9
-171018000,24.3,32.2,110.8
-168339600,19.1,25.9,132.4
-165747600,12.6,19.6,130.5
-163069200,6.7,15.6,50.3
-160477200,3.5,11.6,47.5
-157798800,0.6,8.7,48.0
-155120400,0.3,9.2,10.5
-152701200,2.6,11.5,44.5
-150022800,7.0,15.6,87.0
-147430800,13.4,21.2,400.0
-144752400,18.5,25.4,219.5
-142160400,21.4,27.3,97.0
-139482000,23.1,30.8,234.5
-136803600,18.9,25.7,204.5
-134211600,12.6,21.1,53.0
-131533200,8.6,17.1,131.5
-128941200,2.9,11.1,66.0
-126262800,0.1,9.3,23.6
-123584400,2.6,11.6,122.0
-121165200,5.5,13.7,99.9
-118486800,9.7,17.7,133.7
-115894800,13.4,22.3,196.2
-113216400,16.7,23.8,510.2
-110624400,21.6,27.9,160.8
-107946000,24.0,30.5,54.5
-105267600,20.2,26.5,197.1
-102675600,15.2,22.7,108.5
-99997200,8.8,17.1,29.0
-97405200,2.6,10.7,8.0
-94726800,0.1,8.8,32.2
-92048400,1.1,8.9,43.8
-89629200,4.7,14.0,69.7
-86950800,10.1,18.7,104.7
-84358800,15.7,24.7,49.3
-81680400,19.5,27.0,109.3
-79088400,23.5,30.0,89.2
-76410000,24.8,32.0,67.3
-73731600,19.7,26.1,148.8
-71139600,13.3,20.7,214.7
-68461200,8.8,15.6,61.4
-65869200,2.7,11.0,32.9
-63190800,0.9,10.5,9.5
-60512400,-0.1,8.8,48.0
-58006800,5.8,14.1,94.0
-55328400,10.1,18.7,117.5
-52736400,13.8,21.6,185.5
-50058000,18.7,26.2,175.0
-47466000,22.1,28.0,136.0
-44787600,23.4,30.2,256.0
-42109200,18.7,25.7,109.5
-39517200,13.1,19.8,152.5
-36838800,9.5,18.7,19.5
-34246800,6.9,13.8,188.0
-31568400,1.4,10.0,54.5
-28890000,2.1,9.3,100.0
-26470800,3.7,12.0,121.0
-23792400,9.9,19.2,73.0
-21200400,15.6,23.9,88.5
-18522000,18.2,26.0,187.5
-15930000,21.9,28.7,102.0
-13251600,23.8,31.4,131.5
-10573200,19.2,26.9,238.5
-7981200,13.5,21.0,146.0
-5302800,8.9,16.8,93.5
-2710800,2.5,11.7,7.0
-32400,0.4,8.9,58.5
2646000,1.7,10.3,34.5
5065200,1.3,10.0,46.5
7743600,9.0,17.3,94.0
10335600,15.6,23.8,161.5
13014000,17.9,24.1,218.0
15606000,22.4,29.1,118.5
18284400,24.0,31.7,20.5
20962800,21.0,27.6,86.0
23554800,13.3,21.2,98.5
26233200,8.4,16.5,144.5
28825200,2.7,11.1,41.0
31503600,1.7,9.2,32.0
34182000,1.9,9.8,38.0
36601200,4.1,12.9,67.5
39279600,9.4,17.7,134.0
41871600,14.0,21.6,110.0
44550000,18.2,24.8,91.5
47142000,22.7,29.5,153.5
49820400,23.7,30.6,195.0
52498800,18.4,24.4,273.0
55090800,12.5,18.9,258.5
57769200,7.8,16.0,30.5
60361200,3.8,12.0,55.0
63039600,2.8,10.7,113.5
65718000,2.3,8.3,142.0
68223600,5.5,13.9,44.0
70902000,9.2,17.4,186.5
73494000,14.7,22.7,116.0
76172400,18.2,25.0,107.0
78764400,22.6,28.8,301.0
81442800,23.3,30.7,94.5
84121200,19.9,27.2,281.0
86713200,14.9,22.3,43.5
89391600,8.3,16.4,43.0
91983600,4.2,12.1,155.5
94662000,2.8,10.3,136.0
97340400,2.8,11.4,45.0
99759600,3.7,12.4,10.0
102438000,11.1,19.8,143.0
105030000,13.8,22.1,97.5
107708400,17.2,23.2,121.5
110300400,22.9,30.2,49.5
112978800,25.5,32.7,50.0
115657200,20.0,26.7,155.0
118249200,13.8,21.4,237.5
120927600,7.6,16.9,104.5
123519600,1.7,11.5,0.0
126198000,0.6,8.9,29.0
128876400,1.4,9.3,58.5
131295600,3.6,11.7,114.0
133974000,10.6,19.3,151.0
136566000,15.3,23.7,93.5
139244400,18.9,25.5,204.5
141836400,20.6,26.9,270.5
144514800,24.1,31.1,179.0
147193200,20.0,26.1,246.5
149785200,14.9,21.1,165.0
152463600,8.0,15.7,30.5
155055600,3.1,10.6,38.5
157734000,0.8,8.8,67.5
160412400,1.3,9.3,75.0
162831600,4.0,12.3,108.0
165510000,10.7,18.4,161.5
168102000,14.9,22.7,151.0
170780400,18.8,25.0,106.5
173372400,22.7,29.4,175.5
176050800,24.0,31.5,26.5
178729200,21.7,29.6,99.5
181321200,14.4,20.5,273.0
183999600,9.7,16.3,245.0
186591600,3.1,10.7,51.5
189270000,0.7,10.6,0.5
191948400,2.9,10.7,128.0
194454000,5.1,13.1,87.0
197132400,9.2,16.7,129.0
199724400,13.9,21.9,218.0
202402800,18.7,25.0,186.0
204994800,20.7,27.6,102.0
207673200,21.9,29.1,159.0
210351600,18.9,25.7,284.0
212943600,14.1,21.3,155.0
215622000,7.4,15.0,78.0
218214000,3.4,11.5,31.0
220892400,0.0,7.5,19.5
223570800,0.5,9.4,27.0
225990000,5.3,13.3,167.0
228668400,10.7,19.5,110.5
231260400,14.5,23.0,96.5
233938800,18.3,24.0,202.5
236530800,22.5,29.8,91.0
239209200,22.3,28.4,290.5
241887600,21.4,27.7,233.5
244479600,15.2,22.6,60.0
247158000,11.4,18.4,102.5
249750000,5.0,13.3,53.5
252428400,1.7,9.7,28.0
255106800,0.6,8.4,32.0
257526000,4.8,13.1,115.5
260204400,10.2,17.8,186.5
262796400,15.7,22.7,130.0
265474800,20.8,27.5,104.0
268066800,24.9,31.5,45.0
270745200,25.6,33.0,26.0
273423600,19.5,25.3,124.0
276015600,13.7,21.1,147.0
278694000,9.3,16.5,65.0
281286000,4.5,12.8,27.0
283964400,2.4,10.9,59.0
286642800,4.9,12.5,96.0
289062000,5.8,13.8,92.0
291740400,10.3,17.7,109.5
294332400,15.0,22.5,148.5
297010800,21.3,27.9,63.0
299602800,22.4,28.5,88.5
302281200,24.6,31.0,104.5
304959600,21.2,27.3,146.5
307551600,16.3,23.0,320.5
310230000,11.1,17.6,182.5
312822000,6.4,13.9,43.0
315500400,1.7,10.0,88.5
318178800,1.3,9.2,26.0
320684400,4.9,12.0,173.5
323362800,9.9,17.6,107.0
325954800,15.2,23.4,154.5
328633200,20.9,27.0,172.5
331225200,21.1,27.4,202.0
333903600,20.7,26.6,168.5
336582000,20.3,26.1,181.5
339174000,14.8,21.9,136.0
341852400,9.2,16.8,133.5
344444400,3.8,11.9,34.0
347122800,0.6,8.5,3.5
349801200,1.9,9.2,38.0
352220400,5.2,13.0,113.0
354898800,9.5,18.0,166.0
357490800,13.5,21.4,151.5
360169200,17.2,23.6,103.0
362761200,23.4,30.0,167.0
365439600,23.4,30.0,133.0
368118000,18.7,25.2,138.5
370710000,14.4,21.1,343.5
373388400,7.2,13.9,99.0
375980400,3.8,11.7,7.5
378658800,2.2,9.7,32.5
381337200,1.8,9.3,51.5
383756400,5.9,14.0,73.0
386434800,10.0,17.8,134.0
389026800,16.8,24.7,85.5
391705200,18.2,24.9,224.5
394297200,20.4,26.1,140.0
396975600,24.6,30.2,152.5
399654000,19.8,25.6,371.5
402246000,14.6,21.6,159.5
404924400,11.3,17.6,136.0
407516400,5.7,13.0,15.0
410194800,2.5,10.2,29.5
412873200,2.4,10.2,50.5
415292400,5.2,12.1,99.0
417970800,12.1,20.3,114.5
420562800,15.7,23.7,105.5
423241200,17.1,24.2,198.0
425833200,21.2,27.1,141.5
428511600,24.6,31.0,168.5
431190000,20.9,26.1,242.5
433782000,14.3,21.2,130.0
436460400,8.6,16.3,53.5
439052400,3.3,11.1,7.5
441730800,0.2,7.5,50.0
444409200,0.0,6.3,51.0
446914800,2.0,10.2,69.0
449593200,7.9,16.0,64.0
452185200,14.0,21.2,77.5
454863600,19.2,24.9,202.0
457455600,23.2,30.0,81.5
460134000,25.7,32.4,31.5
462812400,20.3,27.1,61.0
465404400,14.6,21.2,73.5
468082800,8.5,15.9,50.5
470674800,4.0,11.5,68.0
473353200,0.5,8.1,4.5
476031600,3.1,10.2,142.0
478450800,4.8,11.2,134.5
481129200,10.3,18.3,201.5
483721200,15.7,23.0,89.5
486399600,17.4,23.1,381.0
488991600,23.3,30.2,115.0
491670000,25.1,31.6,146.0
494348400,20.4,26.1,106.0
496940400,14.6,21.5,92.5
499618800,9.1,17.1,85.5
502210800,3.4,11.4,18.5
504889200,1.0,8.2,15.0
507567600,0.8,7.9,27.5
509986800,3.9,11.8,188.0
512665200,10.0,18.0,88.0
515257200,14.4,21.6,210.0
517935600,18.3,24.4,138.0
520527600,21.2,27.2,137.0
523206000,24.1,30.4,233.5
525884400,21.0,26.8,190.5
528476400,13.6,20.5,74.0
531154800,9.0,15.6,41.0
533746800,4.9,12.2,115.5
536425200,1.9,10.0,38.0
539103600,3.0,10.7,29.5
541522800,5.1,13.2,94.0
544201200,10.3,18.4,42.5
546793200,15.4,23.1,65.0
549471600,18.8,25.7,120.5
552063600,24.1,30.6,146.5
554742000,24.3,30.8,45.5
557420400,20.7,26.3,214.5
560012400,15.9,22.2,193.0
562690800,9.6,16.2,39.5
565282800,4.1,12.4,60.5
567961200,3.7,11.7,28.0
570639600,1.1,8.9,17.5
573145200,4.6,11.9,185.0
575823600,10.2,18.1,107.5
578415600,14.4,22.1,144.0
581094000,19.4,25.5,198.0
583686000,20.1,25.2,158.0
586364400,24.4,30.2,341.5
589042800,20.7,25.2,251.5
591634800,14.4,20.8,58.5
594313200,7.2,15.6,26.0
596905200,4.5,12.5,0.0
599583600,4.8,11.4,95.0
602262000,4.3,11.1,107.0
604681200,5.8,13.6,118.0
607359600,11.6,19.6,187.0
609951600,14.2,21.5,210.0
612630000,17.8,23.8,205.0
615222000,21.5,27.4,154.0
617900400,24.5,30.5,360.5
620578800,22.5,28.4,204.0
623170800,14.5,20.7,197.0
625849200,10.8,17.7,71.0
628441200,5.7,12.8,29.0
631119600,1.7,8.8,32.5
633798000,5.1,10.5,116.5
636217200,7.0,14.4,97.5
638895600,10.8,18.6,137.5
641487600,15.8,23.1,120.5
644166000,20.8,27.0,68.0
646758000,22.8,29.2,51.0
649436400,25.7,32.4,181.5
652114800,21.9,28.1,287.0
654706800,16.0,22.4,148.5
657385200,11.4,19.0,234.0
659977200,6.3,13.6,38.0
662655600,2.8,10.1,55.0
665334000,2.5,10.5,69.0
667753200,6.2,13.1,164.0
670431600,11.9,18.8,112.5
673023600,15.2,22.7,61.0
675702000,20.8,26.9,142.0
678294000,23.5,30.1,72.0
680972400,22.6,29.1,238.0
683650800,21.4,26.9,445.5
686242800,15.9,20.7,533.0
688921200,9.9,16.4,114.0
691513200,5.7,12.7,36.0
694191600,3.2,10.5,50.0
696870000,3.1,10.8,36.0
699375600,6.5,13.1,205.0
702054000,11.1,19.1,167.5
704646000,13.8,21.1,134.0
707324400,17.8,23.7,237.0
709916400,22.4,29.2,111.5
712594800,24.3,30.4,9.0
715273200,20.3,26.9,108.0
717865200,14.3,20.5,328.0
720543600,9.6,16.9,168.0
723135600,6.1,12.9,65.5
725814000,3.3,9.1,115.0
728492400,3.8,11.8,57.0
730911600,5.0,12.5,60.5
733590000,9.1,17.8,58.0
736182000,14.2,22.3,65.5
738860400,19.0,25.0,260.0
741452400,20.0,25.3,316.5
744130800,22.3,28.0,412.0
746809200,20.2,25.8,140.0
749401200,14.4,20.8,156.0
752079600,10.9,17.7,167.0
754671600,5.3,12.3,65.0
757350000,2.1,9.1,50.0
760028400,3.0,10.6,88.5
762447600,4.8,11.6,114.5
765126000,11.4,19.8,49.0
767718000,15.9,23.4,133.5
770396400,19.1,26.0,144.5
772988400,25.3,31.8,93.5
775666800,25.9,32.9,92.5
778345200,22.0,28.1,235.0
780937200,17.5,23.0,57.0
783615600,9.8,17.1,50.5
786207600,5.2,12.8,23.0
788886000,2.5,10.2,36.0
791564400,2.9,10.1,27.0
793983600,5.3,13.0,180.0
796662000,11.5,19.1,99.5
799254000,16.1,22.7,204.5
801932400,17.8,23.5,185.5
804524400,23.7,29.6,171.0
807202800,26.1,33.7,31.0
809881200,20.7,27.4,164.5
812473200,16.5,23.0,79.0
815151600,8.7,16.7,42.0
817743600,3.9,12.1,0.0
820422000,2.9,10.4,13.0
823100400,1.7,9.4,45.0
825606000,5.5,13.1,118.0
828284400,8.5,17.0,111.0
830876400,14.6,22.0,128.0
833554800,19.5,26.4,36.0
836146800,23.1,30.0,253.5
838825200,23.0,30.0,31.5
841503600,19.4,26.3,382.0
844095600,14.5,21.7,83.5
846774000,10.1,16.7,84.0
849366000,5.3,13.6,48.0
852044400,2.7,11.3,29.0
854722800,3.1,11.2,21.5
857142000,6.8,14.7,106.0
859820400,11.4,19.2,105.5
862412400,15.6,23.2,186.0
865090800,19.3,26.6,170.5
867682800,23.4,30.7,185.0
870361200,23.9,30.7,144.0
873039600,20.1,26.4,204.0
875631600,14.8,22.8,19.0
878310000,11.0,18.1,91.0
880902000,5.8,12.4,40.5
883580400,1.9,9.3,122.0
886258800,3.6,11.3,110.5
888678000,5.9,14.4,108.0
891356400,12.9,20.1,188.0
893948400,16.7,24.6,140.5
896626800,18.5,24.6,150.5
899218800,22.6,29.0,156.5
901897200,24.4,31.0,143.5
904575600,21.9,27.7,229.0
907167600,17.1,23.5,142.5
909846000,10.3,17.7,7.5
912438000,5.5,12.6,48.0
915116400,2.5,10.8,19.5
917794800,2.5,11.2,35.5
920214000,6.3,13.7,144.5
922892400,11.5,18.7,205.0
925484400,16.4,24.0,103.5
928162800,19.8,26.5,192.5
930754800,23.0,29.9,342.0
933433200,25.8,32.3,301.0
936111600,23.3,29.6,91.0
938703600,16.1,23.0,87.5
941382000,10.7,17.8,93.0
943974000,5.1,12.7,7.0
946652400,4.2,11.2,66.5
949330800,2.4,9.9,4.0
951836400,5.2,13.5,85.5
954514800,10.7,18.7,151.5
957106800,16.5,24.0,109.0
959785200,19.5,26.1,232.0
962377200,24.5,31.6,373.5
965055600,25.4,32.4,162.0
967734000,22.7,28.9,164.0
970326000,16.2,21.9,142.5
973004400,10.5,16.7,106.0
975596400,5.2,12.6,6.5
978274800,1.7,8.6,126.5
980953200,2.8,10.7,23.0
983372400,5.7,14.4,107.5
986050800,11.3,20.4,40.5
988642800,16.4,23.0,170.5
991321200,20.3,26.6,144.5
993913200,25.2,33.0,41.5
996591600,23.6,30.0,136.5
999270000,20.4,26.4,204.0
1001862000,15.5,22.5,343.0
1004540400,9.5,16.7,123.5
1007132400,4.9,12.0,30.0
1009810800,3.4,11.5,98.5
1012489200,4.4,11.9,25.0
1014908400,8.1,16.5,82.0
1017586800,12.4,20.3,58.0
1020178800,15.3,22.3,112.5
1022857200,18.6,25.3,151.5
1025449200,25.1,31.7,124.0
1028127600,24.8,32.1,120.0
1030806000,20.4,26.2,207.0
1033398000,15.5,22.6,194.0
1036076400,8.2,15.2,27.5
1038668400,4.1,10.4,94.5
1041346800,2.0,9.3,101.0
1044025200,3.2,9.9,53.5
1046444400,5.1,12.7,159.5
1049122800,11.5,19.2,121.0
1051714800,15.5,22.4,172.5
1054393200,20.2,26.6,85.0
1056985200,20.1,26.0,187.5
1059663600,23.1,29.5,370.0
1062342000,21.0,28.1,150.0
1064934000,14.6,21.4,171.5
1067612400,11.5,17.4,229.5
1070204400,5.7,13.2,53.0
1072882800,3.1,10.1,3.5
1075561200,4.3,12.9,20.0
1078066800,5.7,14.0,129.5
1080745200,11.7,21.3,69.5
1083337200,16.1,23.7,149.0
1086015600,20.3,27.5,112.5
1088607600,25.0,33.1,23.5
1091286000,24.1,31.0,79.5
1093964400,22.2,28.7,195.0
1096556400,14.8,20.7,780.0
1099234800,12.7,19.0,108.5
1101826800,6.6,13.4,79.5
1104505200,2.6,10.0,77.0
1107183600,2.5,9.9,48.0
1109602800,5.0,13.1,71.0
1112281200,10.7,19.6,81.0
1114873200,14.1,21.9,180.5
1117551600,20.2,26.7,170.5
1120143600,22.6,29.1,247.5
1122822000,25.1,31.8,189.5
1125500400,21.8,28.2,177.5
1128092400,16.6,22.3,201.5
1130770800,9.6,17.0,34.5
1133362800,2.9,10.2,3.5
1136041200,2.0,8.5,67.0
1138719600,3.3,10.5,113.0
1141138800,5.9,14.0,79.5
1143817200,10.1,17.5,123.0
1146409200,15.7,22.7,99.0
1149087600,20.1,25.4,138.5
1151679600,23.3,28.6,165.0
1154358000,24.8,31.1,126.0
1157036400,20.7,27.1,175.5
1159628400,16.7,22.9,318.0
1162306800,11.0,17.9,135.0
1164898800,6.7,12.5,200.5
1167577200,4.6,10.9,42.0
1170255600,5.0,12.8,57.0
1172674800,6.8,15.0,77.0
1175353200,9.9,17.9,134.0
1177945200,16.0,24.0,115.5
1180623600,20.0,27.1,80.0
1183215600,21.8,27.4,253.0
1185894000,25.9,33.0,9.5
1188572400,22.4,28.5,319.5
1191164400,16.1,22.2,135.5
1193842800,10.2,16.6,37.0
1196434800,5.6,12.6,72.0
1199113200,2.7,9.4,17.5
1201791600,1.9,9.6,57.0
1204297200,7.2,14.9,119.5
1206975600,11.4,18.4,240.0
1209567600,15.4,22.0,255.0
1212246000,18.4,24.6,225.5
1214838000,24.2,30.9,48.0
1217516400,24.1,30.7,387.5
1220194800,21.7,27.7,158.5
1222786800,16.4,22.6,204.5
1225465200,10.0,16.4,74.0
1228057200,6.0,13.7,70.5
1230735600,3.5,10.2,142.0
1233414000,4.4,11.5,46.5
1235833200,6.3,13.7,98.5
1238511600,11.9,20.2,162.5
1241103600,16.9,23.6,242.0
1243782000,19.8,25.8,226.0
1246374000,23.5,29.3,78.5
1249052400,23.8,30.1,242.0
1251730800,20.2,26.5,53.0
1254322800,16.0,22.3,276.5
1257001200,10.1,17.0,151.5
1259593200,6.2,12.4,82.5
1262271600,3.0,11.0,9.0
1264950000,3.0,9.9,115.0
1267369200,5.1,13.2,143.5
1270047600,8.6,16.6,214.0
1272639600,15.4,23.0,114.0
1275318000,20.5,27.5,108.0
1277910000,25.0,31.6,70.0
1280588400,27.0,33.5,27.0
1283266800,22.3,29.0,428.0
1285858800,16.5,21.8,211.0
1288537200,10.0,17.2,94.5
1291129200,6.2,13.7,145.5
1293807600,1.5,9.1,3.5
1296486000,3.2,11.2,151.0
1298905200,4.0,12.3,74.0
1301583600,10.3,18.9,96.0
1304175600,15.0,22.2,213.5
1306854000,19.9,26.0,116.5
1309446000,24.5,30.9,54.5
1312124400,24.6,31.2,244.0
1314802800,22.0,28.8,235.0
1317394800,16.5,23.0,119.5
1320073200,11.7,18.3,112.5
1322665200,4.2,11.1,59.5
1325343600,1.8,8.3,50.0
1328022000,2.2,9.1,94.0
1330527600,5.3,12.5,144.5
1333206000,11.0,18.5,118.5
1335798000,16.1,23.6,231.0
1338476400,18.6,24.8,185.0
1341068400,23.5,30.1,130.0
1343746800,26.3,33.1,25.0
1346425200,23.3,29.8,214.5
1349017200,16.2,23.0,154.5
1351695600,9.6,16.3,154.0
1354287600,3.8,11.2,69.0
1356966000,1.8,9.6,70.0
1359644400,2.7,10.3,30.0
1362063600,7.9,16.4,44.5
1364742000,10.8,19.2,283.0
1367334000,16.0,24.1,56.0
1370012400,20.0,26.5,159.0
1372604400,24.2,31.4,115.5
1375282800,26.0,33.2,99.0
1377961200,21.8,28.8,231.5
1380553200,17.0,23.0,440.0
1383231600,9.8,17.4,26.0
1385823600,4.9,12.1,59.5
